Model,Accuracy,Precision,Recall,F1-Score
CrossLanguage_DT,0.7894736842105263,1.0,0.5862068965517241,0.7391304347826086
CrossLanguage_RF,0.6491228070175439,1.0,0.3103448275862069,0.47368421052631576
CrossLanguage_XGBoost,0.9473684210526315,1.0,0.896551724137931,0.9454545454545454
JS_Monolanguage_DT,0.8333333333333334,1.0,0.6,0.75
JS_Monolanguage_RF,0.75,1.0,0.4,0.5714285714285714
JS_Monolanguage_XGBoost,0.875,1.0,0.7,0.8235294117647058
Py_Monolanguage_DT,0.5757575757575758,0.8571428571428571,0.3157894736842105,0.46153846153846156
Py_Monolanguage_RF,0.6363636363636364,0.8888888888888888,0.42105263157894735,0.5714285714285714
Py_Monolanguage_XGBoost,0.7272727272727273,1.0,0.5263157894736842,0.6896551724137931
